Business Name,Category,Address,City,State,Postal Code,Phone,Website,Rating,Review Count,Latitude,Longitude
"Baker Brothers Plumbing, Air & Electric",Plumber,"2615 Big Town Blvd, Mesquite, TX 75150",Mesquite,Texas,75150,(214) 324-8811,https://bakerbrothersplumbing.com/?utm_campaign=gmb_bk-msq_home_everyone_gmb-mesquite&utm_medium=gmb&utm_source=google,4.8,24394,32.8004991,-96.6688938
"Abacus Plumbing, Air Conditioning, & Electrical",Plumber,"4001 Kendrick Plaza Dr, Houston, TX 77032",Houston,Texas,77032,(713) 812-7070,https://www.abacusplumbing.net/?utm_campaign=gmb_ab-hou_home_everyone_gmb-houston&utm_medium=gmb&utm_source=google,4.7,11737,29.9421473,-95.3293103
"Village Plumbing, Air & Electric",Plumber,"10644 W Little York Rd Suite 200, Houston, TX 77041",Houston,Texas,77041,(281) 607-5357,https://villageplumbing.com/?utm_source=google&utm_medium=gmb&utm_campaign=Google%20Business%20Profile,4.8,9334,29.8677916,-95.5618629
Nick's Plumbing & Air Conditioning,Plumber,"3780 Yale St, Houston, TX 77018",Houston,Texas,77018,(281) 406-3336,https://www.nicksplumbing.com/?utm_source=organic&utm_medium=gbp&utm_campaign=local,4.7,3946,29.8200218,-95.3989549
Roto-Rooter Plumbing & Water Cleanup,Plumber,"3403 North Sam Houston Pkwy W #400, Houston, TX 77086",Houston,Texas,77086,(713) 470-0080,https://www.rotorooter.com/houston/?utm_source=Google&utm_medium=organic&utm_campaign=gmb&utm_content=website,4.8,3574,29.9366263,-95.4737672
Texas Quality Plumbing,Plumber,"10814 Woodedge Dr, Houston, TX 77070",Houston,Texas,77070,(713) 385-0349,https://www.texasqualityplumbing.com/?utm_source=google&utm_medium=organic&utm_campaign=local+listings,4.8,3530,29.9448859,-95.5819948
The Mink Plumbing,Plumber,"5573 County Rd 219, Tyler, TX 75707",Tyler,Texas,75707,(903) 289-5390,https://minkplumbing.com/?utm_source=google&utm_medium=gbp,4.9,1556,32.3270834,-95.2433383
A-1 Total Service Plumbing,Plumber,"640 S Atlantic Blvd, Los Angeles, CA 90022",Los Angeles,California,90022,(323) 643-2844,https://a-1totalserviceplumbing.com/,4.9,1494,34.0236504,-118.155811
Beluga Air,HVAC contractor,"240 Sherwood Dr, San Antonio, TX 78201",San Antonio,Texas,78201,(210) 468-5977,http://www.mybelugaair.com/?utm_source=google&utm_medium=organic&utm_campaign=gbp,4.9,1344,29.4830583,-98.5323225
Panther Plumbing,Plumber,"5701 Mableton Pkwy SW Suite 212, Mableton, GA 30126",Mableton,Georgia,30126,(678) 968-2425,https://www.pantherplumbing.com/,4.9,1314,33.8150899,-84.5724366
AAA AUGER Plumbing Services,Plumber,"2437 E Union Bower Rd, Irving, TX 75061",Irving,Texas,75061,(972) 222-2843,https://www.aaa-auger.com/,4.8,1246,32.8243696,-96.908378
Roto-Rooter Plumbing & Water Cleanup,Plumber,"554 S San Vicente Blvd Ste 208, Los Angeles, CA 90048",Los Angeles,California,90048,(661) 219-2959,https://www.rotorooter.com/losangeles/?utm_source=Google&utm_medium=organic&utm_campaign=gmb&utm_content=website,4.8,940,34.0673511,-118.3736342
"Milestone Electric, A/C, & Plumbing",Plumber,"401 W Interstate 30, Garland, TX 75043",Garland,Texas,75043,(972) 301-2994,https://callmilestone.com/garland/plumbing/,4.9,852,32.8423166,-96.5922637
ABC Plumbing,Plumber,"5616 Main St, Watauga, TX 76148",Watauga,Texas,76148,(817) 427-3222,https://www.abcplumbingtx.com/,4.9,841,32.8576687,-97.2629961
bluefrog Plumbing and Drain of West Houston,Plumber,"10645 Richmond Ave. Ste 140, Houston, TX 77042",Houston,Texas,77042,(832) 263-3583,https://www.bluefrogplumbingwesthouston.com/,4.9,793,29.7265265,-95.561974
"West Plumbing, Inc.",Plumber,"104 Constitution Dr STE A, Warner Robins, GA 31088",Warner Robins,Georgia,31088,(478) 953-9378,https://westplumbing.com/,4.8,793,32.6116713,-83.6818649
Roadrunner Plumbing & Air,Plumber,"4706 College Park, San Antonio, TX 78249",San Antonio,Texas,78249,(210) 763-2721,https://www.callroadrunnerplumbing.com/,4.9,631,29.5857681,-98.5781464
YB Plumbing & Hydro Jetting Services,Plumber,"7613 Claridge Dr, Houston, TX 77071",Houston,Texas,77071,(713) 766-6663,https://ybplumbing.com/,4.6,618,29.6611288,-95.5103895
Reliant Plumbing - San Antonio,Plumber,"1119 Fresno St, San Antonio, TX 78201",San Antonio,Texas,78201,(210) 468-8020,https://reliantplumbing.com/recent-projects-san-antonio-area/?utm_source=google&utm_medium=organic&utm_campaign=gmb_profile_clicks&utm_content=website_link,4.8,544,29.4745249,-98.5121406
1-Tom-Plumber,Plumber,"3635 Willowbend Blvd # 318, Houston, TX 77054",Houston,Texas,77054,(832) 406-4711,https://www.1tomplumber.com/houston/,4.9,541,29.6629118,-95.4373418
Halo Plumbing Services,Plumber,"1654 Oak Tree Dr, Houston, TX 77080",Houston,Texas,77080,(346) 642-5698,https://haloplumbingtx.com/,4.8,521,29.8026276,-95.5261547
Cooper Plumbing | Houston Plumber,Plumber,"10825 Barely Ln, Houston, TX 77070",Houston,Texas,77070,(832) 441-9683,https://www.cooperplumbinghouston.com/?utm_source=google&utm_medium=organic&utm_campaign=gmb-listing,4.9,504,29.9410686,-95.5828155
Hugo Plumbing,Plumber,"7038 Cotton Dr, Houston, TX 77092",Houston,Texas,77092,(713) 409-7176,https://www.hugoplumbingtx.com/,4.9,503,29.8365319,-95.496918
Red Lilly Plumbing,Plumber,"1647 Beverly Blvd, Los Angeles, CA 90026",Los Angeles,California,90026,(323) 319-4102,https://www.redlillyplumbing.com/,4.8,494,34.0642739,-118.2644279
"Monkey Wrench Plumbing, Heating, Air & Electric",Plumber,"4649 Beverly Blvd, Los Angeles, CA 90004",Los Angeles,California,90004,(323) 607-0494,http://www.monkeywrenchservices.com/?utm_source=google&utm_medium=organic&utm_campaign=GMBListing-Los-Angeles-CA,4.8,464,34.0766009,-118.310875
"Cathedral Plumbing of Texas, LLC",Plumber,"1451 Halsey Way, Carrollton, TX 75007",Carrollton,Texas,75007,(972) 446-2500,https://www.cathedralplumbingtx.com/?utm_source=google&utm_medium=gmb&utm_campaign=local,4.3,411,32.9871345,-96.9244867
John's Plumbing & Drain Services,Plumber,"3847 Brunswick Ave, Los Angeles, CA 90039",Los Angeles,California,90039,(323) 422-7485,https://johnsplumber.com/?utm_source=gmb&utm_medium=referral,4.9,383,34.122568,-118.2633217
All The Time Plumbing,Plumber,"13100 Wortham Center Dr, Houston, TX 77065",Houston,Texas,77065,(713) 705-3926,https://allthetimeplumbing.com/,4.8,326,29.9205893,-95.6154875
Empire Plumbing,Plumber,"1754 Bay Rd, Miami Beach, FL 33139",Miami Beach,Florida,33139,(305) 531-7017,http://www.empireplumbing.com/,4.6,292,25.793121,-80.143934
Luke's Plumbing & Air Conditioning,Plumber,"3548 E T C Jester Blvd, Houston, TX 77018",Houston,Texas,77018,(713) 766-4887,https://calllukes.com/?utm_source=google&utm_medium=gbp,4.8,275,29.8189452,-95.4409482
H-Town Plumbers,Plumber,"12145 Stone E Dr, Houston, TX 77035",Houston,Texas,77035,(832) 318-0390,http://www.htownplumbers.com/,4.9,267,29.6451291,-95.478799
"Plumbco Services, Inc.",Plumber,"4700 Mansfield Hwy, Forest Hill, TX 76119",Forest Hill,Texas,76119,(817) 561-9812,http://www.plumbcoservices.com/,4.8,264,32.6712905,-97.2550529
Fixxer Company Plumbing,Plumber,"1124 S Sam Houston Rd, Mesquite, TX 75149",Mesquite,Texas,75149,(214) 534-1468,https://www.fixxercompany.com/,4.8,254,32.7576503,-96.6410005
Miami 24/7 Plumbing - Miami Emergency Plumbers,Plumber,"1331 SW 32nd Ave #4, Miami, FL 33145",Miami,Florida,33145,(305) 440-0878,https://www.miami247plumbing.com/,4.8,230,25.7599811,-80.2466763
Main Plumbing Services,Plumber,,,,,(786) 269-3783,https://mainplumbingmiami.com/,4.9,230,25.5584269,-80.468195
Ritz Plumbing,Plumber,"1355 S La Brea Ave, Los Angeles, CA 90019",Los Angeles,California,90019,(323) 973-1585,http://ritzplumbing.com/?utm_campaign=gmb,3.5,222,34.0486403,-118.3448622
Houston Plumbing Services,Plumber,"7807 Long Point Rd #330, Houston, TX 77055",Houston,Texas,77055,(713) 231-3309,https://www.houstonplumbingservices.com/,4.9,215,29.802467,-95.4839255
After Hours Plumbing Service,Plumber,"10322 Lafferty Oaks St, Houston, TX 77013",Houston,Texas,77013,(832) 715-6441,http://www.afterhoursplumbingservicehouston.com/,4.8,187,29.7776307,-95.2459404
"Mike Diamond Plumbing, HVAC & Electrical",Plumber,"1900 N Cahuenga Blvd, Los Angeles, CA 90068",Los Angeles,California,90068,(323) 792-1451,https://mikediamondservices.com/services/?utm_source=google&utm_medium=organic&utm_campaign=gmb-losangeles,4.6,156,34.1053858,-118.3301008
American Residential Services LLC,Corporate office,"965 Ridge Lake Blvd # 201, Memphis, TN 38120",Memphis,Tennessee,38120,(901) 271-9700,https://www.ars.com/?utm_source=SIQ&utm_medium=Listings&utm_campaign=Google,3.6,142,35.1045516,-89.8681771
24/7 Rooter Service🔧,Plumber,"211 La Fayette Park Pl #101, Los Angeles, CA 90057",Los Angeles,California,90057,(213) 281-4751,https://www.247rooterservice.com/,5,130,34.069287,-118.2799065
Papa's Plumbing Inc.,Plumber,"3235 N San Fernando Rd #7B, Los Angeles, CA 90065",Los Angeles,California,90065,(626) 243-3689,https://www.papatheplumber.com/?utm_source=gmb&utm_medium=referral,4.8,118,34.1173905,-118.2474087
Houston Plumbing Expert,Plumber,"7676 Hillmont St Suite 344 - 19, Houston, TX 77040",Houston,Texas,77040,(713) 524-7400,https://www.houstonplumbingexpert.com/,4.9,116,29.8442674,-95.5041654
J. R.'s Plumbing,Plumber,"1039 Fresno St, San Antonio, TX 78201",San Antonio,Texas,78201,(210) 731-8433,https://www.jrsplumbing.net/,4.4,107,29.4745967,-98.5111326
Affordable Plumbing Services Houston,Plumber,"12329 Ashcroft Dr, Houston, TX 77035",Houston,Texas,77035,(832) 621-4939,https://houston-plumbingservices.com/,4.8,107,29.6428726,-95.4918225
Nick's Plumbing & Heating,Plumber,,,,,(618) 382-8610,,2.7,67,39.7393894,-88.148807
Ozark Plumbing,Plumber,"10210 Prescott Rd, Houston, MO 65483",Houston,Missouri,65483,(417) 217-6476,,5,66,37.4200608,-91.9316047
"Acacias Plumbing | Emergency Plumber, Drain Cleaning, Sewer Repair and Water Heater Installation Houston, TX",Plumber,"1430 Yale St Suite No. 12, Houston, TX 77008",Houston,Texas,77008,(832) 281-5575,https://www.acaciasplumbing.com/?utm_source=google&utm_medium=search_engine&utm_campaign=gmb,4.8,62,29.7973597,-95.3988159
Luca & Sons Plumbing,Plumber,"2216 W Houston St #3900, Broken Arrow, OK 74012",Broken Arrow,Oklahoma,74012,(539) 245-5496,,4.8,62,36.0468197,-95.8166853
Velvet Plumbing,Plumber,"951 S Olive St, Los Angeles, CA 90015",Los Angeles,California,90015,(323) 746-8035,https://velvetplumbing.com/Los-Angeles,4.9,52,34.0434108,-118.2593414
Team Plumbing West Los Angeles,Plumber,"1922 Kelton Ave, Los Angeles, CA 90025",Los Angeles,California,90025,(323) 617-5197,http://plumbing-losangeles-ca.com/,5,49,34.0466643,-118.4365265
E L Smith Plumbing,Plumber,"2013 West Ave, San Antonio, TX 78201",San Antonio,Texas,78201,(210) 736-1603,http://www.elsmith.com/,4.4,47,29.4798632,-98.5262735
Jacob & Sons Plumbers,Plumber,"5826 W Olympic Blvd, Los Angeles, CA 90036",Los Angeles,California,90036,(424) 465-2332,,4.6,43,34.0571964,-118.3571418
Los Angeles Plumbing Pros,Plumber,"1901 E Gage Ave, Los Angeles, CA 90001",Los Angeles,California,90001,(310) 861-9785,,5,42,33.9823077,-118.2389063
All-City Plumbing,Plumber,"1213 Basse Road Suite. 1, San Antonio, TX 78212",,,,(210) 734-7444,,4.9,41,29.488409,-98.503263
Rescue Plumbing,Plumber,,,,,(478) 787-7233,http://rescueplumb.com/,4.9,36,32.67853,-83.1940624
Du-West Total Plumbing,Plumber,"2420 Glenda Ln, Dallas, TX 75229",Dallas,Texas,75229,(972) 406-0912,https://www.du-west.com/plumbing,4.6,34,32.8893806,-96.8966318
Roter Clean Sewer Services,Plumber,"1209 6th Ave NW, Miami, OK 74354",Miami,Oklahoma,74354,(918) 542-4805,,3.7,30,36.8815966,-94.8913848
Expert Plumbing Solutions LLC,Plumber,,,,,(478) 407-4014,,4.4,25,33.389632,-84.053311
Apex Plumbing & Drain,Plumber,"121 N Maple St, Commerce, OK 74339",Commerce,Oklahoma,74339,(918) 675-4757,,3.1,23,36.934658,-94.872203
Ross Plumbing,Plumber,"301 S Vine St, Commerce, OK 74339",Commerce,Oklahoma,74339,(918) 675-4354,,3.6,18,36.931157,-94.8762117
Ryno Drain & Plumbing,Plumber,"11501 S 510 Rd, Miami, OK 74354",Miami,Oklahoma,74354,,,4.8,17,36.8521689,-94.9655907
Premier Plumbing LA 24/7,Plumber,"1313 S Gramercy Pl, Los Angeles, CA 90019",Los Angeles,California,90019,(424) 313-7999,,4.9,13,34.0466772,-118.3132846
Top LA Plumbers,Plumber,,,,,(310) 467-7411,,5,12,33.786671,-118.2990476
Mr. Plumber Macon and Warner Robins,Plumber,,,,,(478) 284-1097,,4.3,12,32.7426085,-83.714582
Owen Plumbing Inc.,Plumber,,,,,(478) 444-3622,https://www.owenplumbingservice.com/,4.2,9,32.2948999,-83.8112855
Right Connection Plumbing,Plumber,"1739 W Hildebrand Ave, San Antonio, TX 78201",San Antonio,Texas,78201,(210) 736-5325,,4.5,8,29.4666417,-98.5241411
Water Works Plumbing & Irrigation,Lawn sprinkler system contractor,"1418 West Ave, San Antonio, TX 78201",San Antonio,Texas,78201,(210) 737-6463,,4.2,6,29.4751207,-98.5257663
B & R Plumbing & Electric,Plumber,"210 S Main St, Commerce, OK 74339",Commerce,Oklahoma,74339,(918) 675-5300,,4.3,6,36.9323534,-94.8775493
H & H Plumbing,Plumber,"10693 County Road 470, Jay, OK 74346",Jay,Oklahoma,74346,(918) 253-3062,,3.6,5,36.409,-94.8229
Premium Plumbing,Plumber,"20 S Elm St, Miami, OK 74354",Miami,Oklahoma,74354,(918) 542-5095,,5,4,36.8737789,-94.8603207
EAP CONSULTANT,Consultant,"11111 Tupper Lake Dr, Houston, TX 77042",Houston,Texas,77042,(713) 977-6270,https://www.eapconsultant.com/contact.html,5,3,32.9742843,-96.8905464
Sam Houston Plumbing,Contractor,"330 E Franklin St, Hillsboro, TX 76645",Hillsboro,Texas,76645,(254) 582-0330,,5,3,32.0114677,-97.1234795
